image,label,confidence
muff.jpg,Muffin,0.8134938478469849
chi.jpg,Chihuahua,0.00038033677265048027
muff2.jpg,Muffin,0.996688723564148
chi2.jpg,Muffin,0.5537618398666382
muff3.jpg,Muffin,0.9912353157997131
